Size,Type,SortThreshold,MergeThreshold,Time(s)
10,Random,8,32,0.0
100,Random,32,16,7e-06
1000,Random,32,32,0.000132
10000,Random,16,16,0.002322
100000,Random,64,32,0.032323
1000000,Random,4,16,0.623906
